epoch,train_accuracy,train_loss,val_accuracy,val_loss
1,0.58923,0.6547700687313079,0.7427058337475184,0.5940663305689676
2,0.65299,0.6014511368083953,0.7766786555020357,0.5483206537701815
